1.39452,-0.4783,0.419046,0.914249,-0.175065,-0.365378,0.377516,0.0407269,0.925107,-0.147074,-0.983714,0.103325
1.39953,-0.478317,0.430834,0.834123,-0.175066,-0.523059,0.536935,0.0406554,0.842643,-0.126253,-0.983717,0.127911
1.3683,-0.478297,0.454625,0.814879,-0.175065,-0.552562,0.566744,0.0407419,0.822886,-0.121546,-0.983713,0.132417
1.30834,-0.477068,0.484679,0.85711,-0.175026,-0.484488,0.498647,0.0458588,0.865591,-0.129283,-0.983495,0.126582
1.24833,-0.478297,0.50869,0.892896,-0.175065,-0.414837,0.427553,0.0407418,0.903072,-0.141195,-0.983714,0.111228
1.18794,-0.477416,0.526491,0.923574,-0.175037,-0.341135,0.353537,0.0444088,0.934366,-0.1484,-0.98356,0.102897
1.12762,-0.478297,0.539123,0.94782,-0.175065,-0.26644,0.277361,0.040742,0.959901,-0.15719,-0.983713,0.0871724
1.06731,-0.478073,0.546382,0.966193,-0.175058,-0.189275,0.199343,0.0416745,0.979043,-0.163502,-0.983676,0.0751622
1.00722,-0.478297,0.548749,0.978255,-0.175065,-0.11122,0.120066,0.0407419,0.99193,-0.169121,-0.983713,0.0608754
0.947468,-0.479036,0.546378,0.984005,-0.175087,-0.0328338,0.0400188,0.037664,0.998489,-0.173586,-0.983832,0.0440683
0.888165,-0.478297,0.538988,0.983442,-0.175065,0.046835,-0.0402927,0.0407419,0.998357,-0.176686,-0.983713,0.0330135
0.829403,-0.480313,0.527378,0.976681,-0.17512,0.124208,-0.12038,0.032358,0.9922,-0.177773,-0.984015,0.0105225
0.771449,-0.478297,0.51031,0.963255,-0.175065,0.203694,-0.199624,0.0407418,0.979025,-0.179692,-0.983714,0.00429752
0.714056,-0.481908,0.489393,0.944509,-0.175155,0.277893,-0.277768,0.025733,0.960303,-0.175353,-0.984205,-0.0243474
0.658103,-0.477125,0.462098,0.917892,-0.175028,0.356145,-0.353779,0.0456211,0.934216,-0.179761,-0.983506,-0.0200459
0.6028,-0.478297,0.430607,0.886667,-0.175065,0.427988,-0.427805,0.0407419,0.902952,-0.175513,-0.983713,-0.0387693
0.555141,-0.46483,0.395814,0.803164,-0.34322,0.486958,-0.505217,0.0407885,0.862028,-0.315727,-0.938369,-0.140641
0.509221,-0.464855,0.362013,0.785387,-0.343221,0.515137,-0.535506,0.0406849,0.843551,-0.310483,-0.938373,-0.151844
0.496947,-0.464855,0.366608,0.855995,-0.343221,0.386616,-0.397685,0.040685,0.91662,-0.330333,-0.938373,-0.101668
0.49942,-0.405245,0.356117,0.844711,-0.340864,0.412644,-0.39498,0.123273,0.910382,-0.361185,-0.931995,-0.0305046
0.512551,-0.405245,0.351562,0.77019,-0.340864,0.539091,-0.531864,0.123273,0.837809,-0.352035,-0.931995,-0.08635
0.54671,-0.405181,0.371455,0.749156,-0.340853,0.567965,-0.563209,0.123548,0.817026,-0.348656,-0.931963,-0.0994148
0.604991,-0.418552,0.42111,0.88046,-0.173858,0.441094,-0.424883,0.123512,0.896783,-0.210393,-0.976995,0.034878
0.659825,-0.418552,0.452805,0.913061,-0.173858,0.368908,-0.351437,0.123512,0.928028,-0.206909,-0.976995,0.0516737
0.715686,-0.418552,0.479287,0.939751,-0.173858,0.29435,-0.275733,0.123512,0.953266,-0.202088,-0.976995,0.0681318
0.77247,-0.418552,0.500802,0.96036,-0.173858,0.217903,-0.198261,0.123512,0.972336,-0.195962,-0.976995,0.0841467
0.830069,-0.418552,0.517502,0.974759,-0.173858,0.140063,-0.119522,0.123512,0.985119,-0.18857,-0.976995,0.0996147
0.88837,-0.418552,0.529468,0.982859,-0.173858,0.061325,-0.0400184,0.123512,0.991536,-0.179961,-0.976995,0.114437
0.947256,-0.418552,0.536722,0.98461,-0.173858,-0.0178049,0.0397396,0.123512,0.991547,-0.170189,-0.976994,0.12852
1.00661,-0.418552,0.539233,0.979999,-0.173858,-0.096824,0.119245,0.123512,0.985152,-0.159317,-0.976995,0.141773
1.0663,-0.418552,0.536914,0.969056,-0.173858,-0.175225,0.197987,0.123512,0.972392,-0.147415,-0.976995,0.154112
1.1262,-0.418552,0.529623,0.951847,-0.173858,-0.252509,0.275465,0.123512,0.953343,-0.134558,-0.976995,0.165456
1.18619,-0.418552,0.517148,0.92848,-0.173858,-0.328173,0.351176,0.123512,0.928127,-0.120829,-0.976995,0.175733
1.24614,-0.418552,0.499193,0.899103,-0.173858,-0.401731,0.424631,0.123512,0.896902,-0.106315,-0.976995,0.184875
1.30592,-0.418552,0.475353,0.863903,-0.173858,-0.4727,0.495349,0.123512,0.859869,-0.0911108,-0.976995,0.192823
1.3654,-0.418552,0.445064,0.823106,-0.173858,-0.54062,0.562871,0.123511,0.817264,-0.0753151,-0.976995,0.199523
1.39679,-0.418613,0.42132,0.841902,-0.173863,-0.510856,0.533281,0.123257,0.83691,-0.0825417,-0.977026,0.196488
1.36172,-0.418613,0.409449,0.956247,-0.173863,-0.235293,0.258184,0.123257,0.958201,-0.137594,-0.977026,0.162753
1.36172,-0.378613,0.40427,0.956247,-0.173863,-0.235294,0.258185,0.123257,0.958201,-0.137594,-0.977026,0.162753
1.39679,-0.378613,0.415391,0.841902,-0.173863,-0.510856,0.533281,0.123257,0.83691,-0.0825417,-0.977026,0.196488
1.3654,-0.378552,0.43898,0.823106,-0.173858,-0.54062,0.562871,0.123511,0.817264,-0.0753151,-0.976995,0.199523
1.30592,-0.378552,0.46957,0.863903,-0.173858,-0.4727,0.495349,0.123512,0.859869,-0.0911109,-0.976995,0.192822
1.24614,-0.378552,0.493649,0.899103,-0.173858,-0.401731,0.424631,0.123512,0.896902,-0.106315,-0.976995,0.184875
1.18619,-0.378552,0.51179,0.92848,-0.173858,-0.328173,0.351176,0.123512,0.928127,-0.120829,-0.976995,0.175733
1.1262,-0.378552,0.524407,0.951847,-0.173858,-0.252508,0.275465,0.123512,0.953344,-0.134558,-0.976995,0.165456
1.0663,-0.378552,0.531801,0.969056,-0.173858,-0.175225,0.197987,0.123512,0.972392,-0.147416,-0.976995,0.154112
1.00661,-0.378552,0.534186,0.979999,-0.173858,-0.0968239,0.119245,0.123512,0.985153,-0.159318,-0.976995,0.141773
0.947256,-0.378552,0.531708,0.98461,-0.173858,-0.0178048,0.0397394,0.123512,0.991547,-0.170189,-0.976995,0.12852
0.88837,-0.378552,0.524453,0.982859,-0.173858,0.0613249,-0.0400182,0.123512,0.991536,-0.179961,-0.976994,0.114438
0.830069,-0.378552,0.512454,0.974759,-0.173858,0.140063,-0.119522,0.123512,0.985119,-0.18857,-0.976995,0.0996147
0.77247,-0.378552,0.495689,0.96036,-0.173858,0.217903,-0.198261,0.123512,0.972336,-0.195962,-0.976995,0.0841469
0.715686,-0.378552,0.474072,0.939751,-0.173858,0.29435,-0.275733,0.123512,0.953266,-0.202088,-0.976995,0.068132
0.659825,-0.378552,0.447447,0.913061,-0.173858,0.368908,-0.351437,0.123512,0.928028,-0.206909,-0.976995,0.0516736
0.604991,-0.378552,0.415566,0.88046,-0.173858,0.441094,-0.424883,0.123512,0.896783,-0.210393,-0.976995,0.034878
0.54671,-0.365181,0.36537,0.749156,-0.340853,0.567965,-0.563209,0.123548,0.817026,-0.348656,-0.931963,-0.0994148
0.512551,-0.365245,0.345642,0.77019,-0.340864,0.539091,-0.531864,0.123273,0.837809,-0.352035,-0.931995,-0.08635
0.49942,-0.365245,0.350668,0.844711,-0.340864,0.412644,-0.39498,0.123273,0.910382,-0.361185,-0.931995,-0.0305046
0.500145,-0.320387,0.342693,0.841881,-0.3399,0.419172,-0.393869,0.143988,0.907819,-0.368923,-0.929374,-0.0126548
0.513527,-0.320387,0.337255,0.766378,-0.3399,0.545099,-0.530367,0.143988,0.835451,-0.362457,-0.929374,-0.0699224
0.547747,-0.320313,0.356827,0.745111,-0.339884,0.573838,-0.561617,0.144307,0.814716,-0.359717,-0.92933,-0.0833599
0.600371,-0.320313,0.395617,0.78883,-0.339884,0.51208,-0.494304,0.144307,0.857228,-0.365254,-0.92933,-0.054172
0.66899,-0.320312,0.440974,0.860687,-0.339884,0.379073,-0.350568,0.144307,0.925353,-0.369215,-0.92933,0.00505123
0.724799,-0.320312,0.467027,0.888363,-0.339884,0.308691,-0.275081,0.144307,0.950529,-0.367616,-0.92933,0.0347015
0.781473,-0.320312,0.488034,0.910291,-0.339884,0.236326,-0.197831,0.144307,0.969556,-0.36364,-0.92933,0.0641221
0.838903,-0.320312,0.504158,0.926331,-0.339884,0.162448,-0.119317,0.144307,0.982313,-0.357314,-0.92933,0.0931224
0.896978,-0.320312,0.515493,0.936386,-0.339884,0.0875268,-0.0400392,0.144307,0.988723,-0.348681,-0.92933,0.121518
0.950265,-0.328138,0.523429,0.970545,-0.240892,-0.00369162,0.0395723,0.144283,0.988745,-0.237648,-0.959767,0.149566
1.00642,-0.333646,0.526811,0.980437,-0.173363,-0.0932132,0.118907,0.144271,0.982368,-0.156859,-0.974233,0.162063
1.06599,-0.333646,0.524369,0.969782,-0.173363,-0.171661,0.197427,0.144271,0.969643,-0.143335,-0.974233,0.174139
1.12577,-0.333646,0.516887,0.952857,-0.173363,-0.249014,0.274686,0.144271,0.950649,-0.128882,-0.974233,0.185091
1.18565,-0.333646,0.504145,0.929768,-0.173363,-0.324772,0.350183,0.144271,0.925504,-0.113593,-0.974233,0.194848
1.24548,-0.333646,0.485837,0.900659,-0.173363,-0.398444,0.42343,0.144271,0.894367,-0.0975665,-0.974233,0.203347
1.30515,-0.333646,0.461539,0.865719,-0.173363,-0.469549,0.493949,0.144271,0.857438,-0.0809061,-0.974234,0.210531
1.36452,-0.333646,0.430667,0.82517,-0.173363,-0.537625,0.56128,0.144271,0.814954,-0.0637195,-0.974234,0.216354
1.35887,-0.333716,0.413515,0.911036,-0.173371,-0.374107,0.399223,0.143976,0.905479,-0.103121,-0.974276,0.200381
1.36132,-0.333716,0.39679,0.957192,-0.173371,-0.231789,0.257457,0.143976,0.955503,-0.132285,-0.974276,0.182448
1.36132,-0.293716,0.390729,0.957192,-0.173371,-0.231789,0.257457,0.143976,0.955503,-0.132285,-0.974276,0.182448
1.35887,-0.293716,0.40712,0.911036,-0.173371,-0.374107,0.399223,0.143976,0.905479,-0.103121,-0.974276,0.200381
1.35596,-0.293716,0.425787,0.843853,-0.173371,-0.507795,0.53178,0.143976,0.834555,-0.0715776,-0.974276,0.213689
1.30515,-0.293646,0.454771,0.865719,-0.173363,-0.469549,0.493949,0.144271,0.857438,-0.0809061,-0.974234,0.210531
1.24548,-0.293646,0.479349,0.90066,-0.173363,-0.398443,0.42343,0.144271,0.894367,-0.0975667,-0.974234,0.203346
1.18565,-0.293646,0.497875,0.929768,-0.173363,-0.324772,0.350184,0.144272,0.925504,-0.113593,-0.974233,0.194848
1.12577,-0.293646,0.510783,0.952857,-0.173363,-0.249014,0.274686,0.144271,0.950649,-0.128882,-0.974233,0.185091
1.06599,-0.293646,0.518385,0.969782,-0.173363,-0.171661,0.197428,0.144272,0.969643,-0.143335,-0.974233,0.174139
1.00642,-0.293646,0.520904,0.980437,-0.173363,-0.0932132,0.118907,0.144271,0.982368,-0.156859,-0.974233,0.162063
0.947194,-0.293646,0.518492,0.984756,-0.173363,-0.0141707,0.0396267,0.144271,0.988744,-0.169368,-0.974233,0.148942
0.888433,-0.293646,0.511237,0.982713,-0.173363,0.0649589,-0.0399055,0.144271,0.988733,-0.180782,-0.974233,0.134859
0.830256,-0.293646,0.499173,0.974322,-0.173363,0.143673,-0.119184,0.144271,0.982334,-0.191029,-0.974233,0.119905
0.77278,-0.293646,0.482273,0.959634,-0.173363,0.221467,-0.197701,0.144272,0.969588,-0.200042,-0.974233,0.104174
0.716116,-0.293646,0.460447,0.938741,-0.173363,0.297844,-0.274954,0.144271,0.950571,-0.207765,-0.974233,0.0877665
0.660373,-0.293646,0.433532,0.911773,-0.173363,0.372309,-0.350444,0.144271,0.925405,-0.214145,-0.974233,0.0707887
0.592053,-0.293646,0.386312,0.84034,-0.173363,0.513589,-0.49419,0.144271,0.857299,-0.22272,-0.974233,0.0355624
0.53966,-0.293646,0.346509,0.796332,-0.173363,0.579482,-0.56151,0.144271,0.814796,-0.224858,-0.974234,0.0175425
0.505327,-0.293721,0.327433,0.817749,-0.173372,0.548844,-0.530257,0.143953,0.835527,-0.223864,-0.974279,0.0257855
0.491594,-0.293721,0.334735,0.893208,-0.173372,0.414876,-0.393748,0.143952,0.907877,-0.217122,-0.974279,0.0603147
0.490425,-0.263389,0.331246,0.896053,-0.174268,0.408313,-0.39577,0.103124,0.912541,-0.201134,-0.979283,0.0234343
0.503752,-0.263389,0.323193,0.821581,-0.174268,0.542804,-0.53298,0.103124,0.83982,-0.20233,-0.979283,-0.00815685
0.537987,-0.263334,0.342029,0.800399,-0.174264,0.573579,-0.564407,0.103355,0.819001,-0.202004,-0.97926,-0.0156305
0.59058,-0.263334,0.382301,0.843919,-0.174264,0.507378,-0.49674,0.103355,0.861723,-0.202607,-0.97926,0.00065946
0.644391,-0.263334,0.416581,0.881971,-0.174264,0.437903,-0.425868,0.103355,0.898863,-0.201899,-0.97926,0.0169428
0.715297,-0.263334,0.457359,0.940732,-0.174264,0.290957,-0.276372,0.103355,0.955477,-0.196577,-0.97926,0.0490678
0.772191,-0.263334,0.479356,0.961065,-0.174264,0.214443,-0.198721,0.103355,0.974591,-0.192,-0.97926,0.0647012
0.829901,-0.263334,0.49637,0.975184,-0.174264,0.136557,-0.119799,0.103355,0.987404,-0.186183,-0.97926,0.0799136
0.888314,-0.263334,0.50849,0.983001,-0.174264,0.0577962,-0.0401107,0.103355,0.993835,-0.179163,-0.97926,0.0946083
0.947312,-0.263334,0.515745,0.984468,-0.174264,-0.0213335,0.0398319,0.103355,0.993847,-0.170987,-0.97926,0.108691
1.00677,-0.263334,0.518101,0.979574,-0.174264,-0.10033,0.119522,0.103355,0.987437,-0.161705,-0.97926,0.122072
1.06658,-0.263334,0.515469,0.968351,-0.174264,-0.178686,0.198447,0.103355,0.974647,-0.151378,-0.97926,0.134666
1.12659,-0.263334,0.507694,0.950866,-0.174264,-0.255901,0.276104,0.103355,0.955554,-0.14007,-0.97926,0.146392
1.18669,-0.263334,0.49455,0.92723,-0.174264,-0.331477,0.351991,0.103355,0.930279,-0.127854,-0.97926,0.157173
1.24674,-0.263334,0.475719,0.897591,-0.174264,-0.404922,0.425615,0.103355,0.898982,-0.114809,-0.97926,0.16694
1.30662,-0.263334,0.45076,0.86214,-0.174264,-0.47576,0.496498,0.103355,0.861863,-0.101019,-0.97926,0.175628
1.35754,-0.263385,0.421535,0.840007,-0.174268,-0.513828,0.534513,0.103141,0.838843,-0.0931868,-0.979282,0.179787
1.36005,-0.263385,0.403605,0.908149,-0.174268,-0.380652,0.401276,0.103141,0.910132,-0.119346,-0.979282,0.163596
1.36208,-0.263385,0.387689,0.95533,-0.174268,-0.238696,0.258781,0.103141,0.960414,-0.14275,-0.979282,0.14363
1.36208,-0.223385,0.38336,0.95533,-0.174268,-0.238696,0.258781,0.103141,0.960414,-0.14275,-0.979282,0.14363
1.36005,-0.223385,0.399037,0.908149,-0.174268,-0.380652,0.401276,0.103141,0.910132,-0.119346,-0.979282,0.163596
1.35754,-0.223385,0.416578,0.840007,-0.174268,-0.513828,0.534513,0.103141,0.838843,-0.0931868,-0.979282,0.179787
1.30662,-0.223334,0.445927,0.86214,-0.174264,-0.47576,0.496498,0.103355,0.861863,-0.101019,-0.97926,0.175628
1.24674,-0.223334,0.471085,0.897591,-0.174264,-0.404922,0.425615,0.103355,0.898982,-0.114809,-0.97926,0.16694
1.18669,-0.223334,0.490072,0.92723,-0.174264,-0.331477,0.351991,0.103355,0.930279,-0.127854,-0.97926,0.157173
1.12659,-0.223334,0.503334,0.950866,-0.174264,-0.255901,0.276104,0.103355,0.955554,-0.14007,-0.97926,0.146392
1.06658,-0.223334,0.511194,0.968351,-0.174264,-0.178686,0.198447,0.103355,0.974647,-0.151378,-0.97926,0.134666
1.00677,-0.223334,0.513882,0.979574,-0.174264,-0.10033,0.119522,0.103355,0.987437,-0.161705,-0.97926,0.122072
0.947312,-0.223334,0.511553,0.984468,-0.174264,-0.0213335,0.0398319,0.103355,0.993847,-0.170987,-0.97926,0.108691
0.888314,-0.223334,0.504299,0.983001,-0.174264,0.0577962,-0.0401107,0.103355,0.993835,-0.179163,-0.97926,0.0946083
0.829901,-0.223334,0.492151,0.975184,-0.174264,0.136557,-0.119799,0.103355,0.987404,-0.186183,-0.97926,0.0799136
0.772191,-0.223334,0.475082,0.961065,-0.174264,0.214443,-0.198721,0.103355,0.974591,-0.192,-0.97926,0.0647012
0.715297,-0.223334,0.452999,0.940732,-0.174264,0.290957,-0.276372,0.103355,0.955477,-0.196577,-0.97926,0.0490678
0.644391,-0.223334,0.411947,0.881971,-0.174264,0.437903,-0.425868,0.103355,0.898863,-0.201899,-0.97926,0.0169428
0.59058,-0.223334,0.377467,0.843919,-0.174264,0.507378,-0.49674,0.103355,0.861723,-0.202607,-0.97926,0.000659393
0.537987,-0.223334,0.336943,0.800399,-0.174264,0.573579,-0.564407,0.103355,0.819001,-0.202004,-0.97926,-0.0156305
0.503752,-0.223389,0.318245,0.821581,-0.174268,0.542804,-0.53298,0.103124,0.83982,-0.20233,-0.979283,-0.00815685
0.493505,-0.217853,0.327396,0.879818,-0.242149,0.409004,-0.39582,0.103135,0.912518,-0.263148,-0.964742,-0.00510705
0.490425,-0.183389,0.322137,0.896053,-0.174268,0.408313,-0.39577,0.103124,0.912541,-0.201134,-0.979283,0.0234344
0.503752,-0.183389,0.313296,0.821581,-0.174268,0.542804,-0.53298,0.103124,0.83982,-0.20233,-0.979283,-0.00815698
0.537987,-0.183334,0.331857,0.800399,-0.174264,0.573579,-0.564407,0.103355,0.819001,-0.202004,-0.97926,-0.0156304
0.59058,-0.183334,0.372633,0.843919,-0.174264,0.507378,-0.49674,0.103355,0.861723,-0.202607,-0.97926,0.000659393
0.644391,-0.183334,0.407313,0.881971,-0.174264,0.437903,-0.425868,0.103355,0.898863,-0.201899,-0.97926,0.0169428
0.699329,-0.183334,0.436392,0.914311,-0.174264,0.365605,-0.352252,0.103355,0.930181,-0.199884,-0.97926,0.033114
0.772191,-0.183334,0.470808,0.961065,-0.174264,0.214443,-0.198721,0.103355,0.974591,-0.192,-0.97926,0.0647012
0.829901,-0.183334,0.487932,0.975184,-0.174264,0.136557,-0.119799,0.103355,0.987404,-0.186183,-0.97926,0.0799136
0.888314,-0.183334,0.500107,0.983001,-0.174264,0.0577962,-0.0401107,0.103355,0.993835,-0.179163,-0.97926,0.0946083
0.947312,-0.183334,0.507362,0.984468,-0.174264,-0.0213335,0.039832,0.103355,0.993847,-0.170987,-0.97926,0.108691
1.00677,-0.183334,0.509663,0.979574,-0.174264,-0.100329,0.119521,0.103355,0.987437,-0.161705,-0.97926,0.122072
1.06658,-0.183334,0.50692,0.968351,-0.174264,-0.178686,0.198448,0.103355,0.974647,-0.151377,-0.97926,0.134666
1.12659,-0.183334,0.498975,0.950866,-0.174264,-0.255901,0.276104,0.103355,0.955554,-0.14007,-0.97926,0.146392
1.18669,-0.183334,0.485594,0.92723,-0.174264,-0.331476,0.351991,0.103355,0.930279,-0.127854,-0.97926,0.157173
1.24674,-0.183334,0.466451,0.897591,-0.174264,-0.404922,0.425615,0.103355,0.898982,-0.114809,-0.97926,0.16694
1.32619,-0.183334,0.436452,0.821103,-0.174264,-0.543528,0.564177,0.103355,0.819159,-0.0865735,-0.97926,0.183181
1.35754,-0.183385,0.411622,0.840007,-0.174268,-0.513828,0.534513,0.103141,0.838843,-0.0931868,-0.979282,0.179787
1.36005,-0.183385,0.39447,0.908149,-0.174268,-0.380653,0.401276,0.103141,0.910132,-0.119346,-0.979282,0.163596
1.36208,-0.183385,0.379031,0.95533,-0.174268,-0.238696,0.258781,0.103141,0.960414,-0.14275,-0.979282,0.14363
1.36274,-0.153188,0.377619,0.953455,-0.17487,-0.245648,0.259668,0.0620435,0.963703,-0.153282,-0.982635,0.104564
1.36108,-0.153188,0.392715,0.905243,-0.17487,-0.387241,0.402651,0.0620435,0.913249,-0.135674,-0.982635,0.126576
1.35891,-0.153188,0.409337,0.836137,-0.17487,-0.519899,0.536344,0.0620436,0.841716,-0.114935,-0.982635,0.145668
1.32764,-0.153156,0.434007,0.817009,-0.174869,-0.54947,0.566118,0.0621744,0.821976,-0.109575,-0.982627,0.149793
1.24784,-0.153156,0.464615,0.894503,-0.174869,-0.411443,0.42708,0.0621742,0.902074,-0.132163,-0.982627,0.130298
1.18759,-0.153156,0.483977,0.924676,-0.174869,-0.338224,0.353202,0.0621743,0.933479,-0.142207,-0.982627,0.119255
1.1273,-0.153156,0.497529,0.948863,-0.174869,-0.262832,0.277054,0.0621742,0.958841,-0.15133,-0.982627,0.107443
1.06709,-0.153156,0.5056,0.96691,-0.174869,-0.185756,0.199131,0.0621744,0.977999,-0.159472,-0.982627,0.0949388
1.00708,-0.153156,0.508425,0.978706,-0.174869,-0.107492,0.119933,0.0621743,0.990833,-0.166583,-0.982627,0.0818229
0.947415,-0.153156,0.506165,0.984178,-0.174869,-0.0285428,0.0399695,0.0621743,0.997265,-0.172616,-0.982627,0.06818
0.888212,-0.153156,0.49891,0.983291,-0.174869,0.0505871,-0.0402483,0.0621743,0.997253,-0.177534,-0.982627,0.0540972
0.829594,-0.153156,0.486694,0.976052,-0.174869,0.129394,-0.12021,0.0621744,0.9908,-0.181305,-0.982627,0.0396645
0.771681,-0.153156,0.469488,0.962506,-0.174869,0.207374,-0.199404,0.0621743,0.977943,-0.183905,-0.982627,0.0249736
0.698425,-0.153156,0.434776,0.916865,-0.174869,0.358858,-0.353463,0.0621742,0.93338,-0.185531,-0.982627,-0.00480436
0.643298,-0.153156,0.405476,0.88506,-0.174869,0.431382,-0.427332,0.0621742,0.901954,-0.184545,-0.982627,-0.0196992
0.589306,-0.153156,0.370523,0.847522,-0.174869,0.501127,-0.498448,0.0621743,0.864687,-0.182364,-0.982627,-0.034469
0.536539,-0.153156,0.329412,0.804493,-0.174869,0.567637,-0.566347,0.0621741,0.821818,-0.179003,-0.982627,-0.0490179
0.502389,-0.15319,0.31102,0.825437,-0.17487,0.536725,-0.534805,0.0620334,0.842695,-0.180657,-0.982635,-0.0423169
0.489413,-0.15319,0.3204,0.898917,-0.17487,0.401708,-0.397125,0.0620335,0.915666,-0.185042,-0.982635,-0.0136824
0.489413,-0.11319,0.317655,0.898917,-0.17487,0.401708,-0.397125,0.0620335,0.915666,-0.185042,-0.982635,-0.0136824
0.502389,-0.11319,0.308039,0.825437,-0.17487,0.536725,-0.534805,0.0620334,0.842695,-0.180657,-0.982635,-0.0423169
0.536539,-0.113156,0.326348,0.804493,-0.174869,0.567637,-0.566347,0.0621741,0.821818,-0.179003,-0.982627,-0.0490179
0.589306,-0.113156,0.367611,0.847521,-0.174869,0.501127,-0.498448,0.0621741,0.864687,-0.182364,-0.982627,-0.0344692
0.643298,-0.113156,0.402685,0.88506,-0.174869,0.431381,-0.427332,0.0621743,0.901955,-0.184545,-0.982627,-0.019699
0.698425,-0.113156,0.432078,0.916865,-0.174869,0.358858,-0.353463,0.0621742,0.93338,-0.185531,-0.982627,-0.00480436
0.771681,-0.113156,0.466912,0.962506,-0.174869,0.207374,-0.199404,0.0621743,0.977943,-0.183905,-0.982627,0.0249736
0.829594,-0.113156,0.484152,0.976052,-0.174869,0.129394,-0.12021,0.0621744,0.9908,-0.181305,-0.982627,0.0396645
0.888212,-0.113156,0.496385,0.983291,-0.174869,0.0505871,-0.0402483,0.0621743,0.997253,-0.177534,-0.982627,0.0540972
0.947415,-0.113156,0.503639,0.984178,-0.174869,-0.0285428,0.0399695,0.0621743,0.997265,-0.172616,-0.982627,0.06818
1.00708,-0.113156,0.505884,0.978706,-0.174869,-0.107492,0.119933,0.0621743,0.990833,-0.166583,-0.982627,0.0818229
1.06709,-0.113156,0.503025,0.96691,-0.174869,-0.185756,0.199131,0.0621744,0.977999,-0.159472,-0.982627,0.0949388
1.1273,-0.113156,0.494902,0.948862,-0.174869,-0.262832,0.277055,0.0621744,0.958841,-0.15133,-0.982627,0.107443
1.18759,-0.113156,0.481279,0.924676,-0.174869,-0.338224,0.353202,0.0621743,0.933479,-0.142208,-0.982627,0.119255
1.24784,-0.113156,0.461823,0.894503,-0.174869,-0.411442,0.427079,0.0621741,0.902074,-0.132164,-0.982627,0.130298
1.32764,-0.113156,0.430942,0.817009,-0.174869,-0.54947,0.566118,0.0621744,0.821976,-0.109575,-0.982627,0.149793
1.35891,-0.113188,0.406351,0.836137,-0.17487,-0.519899,0.536344,0.0620436,0.841716,-0.114935,-0.982635,0.145668
1.36108,-0.113188,0.389962,0.905243,-0.17487,-0.387241,0.402651,0.0620435,0.913249,-0.135674,-0.982635,0.126576
1.36274,-0.113188,0.375011,0.953455,-0.17487,-0.245648,0.259668,0.0620435,0.963703,-0.153282,-0.982635,0.104564
1.36274,-0.0731875,0.372403,0.953455,-0.17487,-0.245648,0.259668,0.0620437,0.963703,-0.153282,-0.982635,0.104564
1.36108,-0.0731875,0.38721,0.905243,-0.17487,-0.387241,0.40265,0.0620435,0.913249,-0.135674,-0.982635,0.126576
1.35891,-0.0731875,0.403365,0.836137,-0.17487,-0.519899,0.536344,0.0620435,0.841716,-0.114935,-0.982635,0.145667
1.32764,-0.0731562,0.427878,0.817009,-0.174869,-0.54947,0.566118,0.0621744,0.821976,-0.109575,-0.982627,0.149793
1.24784,-0.0731563,0.459031,0.894503,-0.174869,-0.411442,0.427079,0.0621741,0.902074,-0.132164,-0.982627,0.130298
1.18759,-0.0731562,0.478581,0.924676,-0.174869,-0.338224,0.353202,0.0621743,0.933479,-0.142208,-0.982627,0.119255
1.1273,-0.0731562,0.492276,0.948862,-0.174869,-0.262832,0.277055,0.0621744,0.958841,-0.15133,-0.982627,0.107443
1.06709,-0.0731562,0.50045,0.96691,-0.174869,-0.185756,0.19913,0.0621743,0.977999,-0.159472,-0.982627,0.0949386
1.01012,-0.0676009,0.50262,0.964709,-0.242984,-0.101468,0.119879,0.062186,0.990839,-0.234448,-0.968035,0.08912
0.947415,-0.0731562,0.501114,0.984178,-0.174869,-0.0285426,0.0399692,0.0621743,0.997265,-0.172616,-0.982627,0.0681799
0.888212,-0.0731562,0.493859,0.983291,-0.174869,0.0505869,-0.0402481,0.0621743,0.997253,-0.177534,-0.982627,0.0540974
0.829594,-0.0731562,0.481611,0.976052,-0.174869,0.129394,-0.12021,0.0621744,0.9908,-0.181305,-0.982627,0.0396645
0.771681,-0.0731562,0.464337,0.962506,-0.174869,0.207374,-0.199404,0.0621743,0.977943,-0.183905,-0.982627,0.0249736
0.698425,-0.0731563,0.42938,0.916865,-0.174869,0.358858,-0.353463,0.0621742,0.93338,-0.185531,-0.982627,-0.00480436
0.643298,-0.0731562,0.399893,0.88506,-0.174869,0.431381,-0.427332,0.0621743,0.901955,-0.184545,-0.982627,-0.019699
0.589306,-0.0731563,0.364698,0.847521,-0.174869,0.501127,-0.498448,0.0621741,0.864687,-0.182364,-0.982627,-0.0344692
0.536539,-0.0731562,0.323284,0.804493,-0.174869,0.567637,-0.566347,0.0621742,0.821818,-0.179003,-0.982627,-0.0490177
0.502389,-0.07319,0.305057,0.825437,-0.17487,0.536725,-0.534805,0.0620334,0.842695,-0.180657,-0.982635,-0.0423169
0.489412,-0.07319,0.314911,0.898917,-0.17487,0.401708,-0.397125,0.0620334,0.915666,-0.185042,-0.982635,-0.0136825
0.488561,-0.0430997,0.314878,0.901791,-0.175176,0.395078,-0.397805,0.0207878,0.917234,-0.16889,-0.984318,-0.0509395
0.501242,-0.0430997,0.304695,0.829309,-0.175176,0.530623,-0.535721,0.0207878,0.844139,-0.158903,-0.984318,-0.0766058
0.535321,-0.043088,0.322821,0.808602,-0.175175,0.561673,-0.567321,0.0208363,0.823233,-0.155913,-0.984317,-0.0825325
0.588234,-0.043088,0.364439,0.851138,-0.175175,0.494852,-0.499306,0.0208363,0.866175,-0.162043,-0.984317,-0.0697316
0.64238,-0.043088,0.3998,0.88816,-0.175175,0.424836,-0.428067,0.0208364,0.903507,-0.167124,-0.984317,-0.0564808
0.697665,-0.043088,0.429424,0.91943,-0.175175,0.352083,-0.354071,0.0208365,0.934986,-0.171123,-0.984317,-0.0428669
0.773886,-0.0430909,0.466067,0.966273,-0.175176,0.188758,-0.188043,0.0208243,0.98194,-0.175943,-0.984317,-0.0128186
0.829737,-0.0417215,0.481698,0.977001,-0.175151,0.121618,-0.118803,0.0265063,0.992564,-0.177072,-0.984185,0.00508816
0.888178,-0.0368221,0.492431,0.983399,-0.175017,0.0479096,-0.0402816,0.0468813,0.998088,-0.176929,-0.983449,0.0390531
0.947473,-0.0395992,0.500476,0.983989,-0.175102,-0.0332433,0.0400219,0.0353235,0.998574,-0.173678,-0.983916,0.0417658
1.00731,-0.0417778,0.503276,0.97795,-0.175152,-0.113737,0.120124,0.0262729,0.992411,-0.170835,-0.984191,0.0467336
1.06742,-0.0408109,0.500074,0.965795,-0.175132,-0.19123,0.199425,0.0302877,0.979445,-0.16574,-0.984079,0.0641774
1.1279,-0.043088,0.492426,0.946851,-0.175175,-0.26979,0.277532,0.0208365,0.960491,-0.162633,-0.984317,0.0683458
1.18835,-0.043088,0.478625,0.922112,-0.175175,-0.344998,0.35381,0.0208363,0.935085,-0.156615,-0.984317,0.0811923
1.24875,-0.043088,0.458939,0.891403,-0.175175,-0.417988,0.427815,0.0208364,0.903626,-0.149584,-0.984317,0.0935162
1.32886,-0.0430881,0.427416,0.812901,-0.175175,-0.555433,0.567091,0.0208361,0.823391,-0.132665,-0.984317,0.116278
1.36006,-0.0430989,0.402998,0.832252,-0.175176,-0.525994,0.537263,0.0207913,0.843158,-0.136765,-0.984318,0.111419
1.36195,-0.0430989,0.387166,0.902326,-0.175176,-0.393854,0.403341,0.0207913,0.914814,-0.152064,-0.984318,0.089416
1.3633,-0.0430989,0.372572,0.951574,-0.175176,-0.252627,0.260113,0.0207914,0.965354,-0.163854,-0.984318,0.06535
1.3633,-0.00309887,0.371678,0.951574,-0.175176,-0.252627,0.260113,0.0207914,0.965354,-0.163854,-0.984318,0.06535
1.36195,-0.00309888,0.386223,0.902326,-0.175176,-0.393854,0.403341,0.0207913,0.914814,-0.152064,-0.984318,0.089416
1.36006,-0.00309889,0.401974,0.832252,-0.175176,-0.525994,0.537263,0.0207913,0.843158,-0.136765,-0.984318,0.111419
1.32886,-0.00308808,0.426365,0.812901,-0.175175,-0.555433,0.567091,0.0208361,0.823391,-0.132665,-0.984317,0.116278
1.24875,-0.00308802,0.457981,0.891403,-0.175175,-0.417988,0.427815,0.0208364,0.903626,-0.149584,-0.984317,0.0935162
1.18835,-0.00308806,0.4777,0.922112,-0.175175,-0.344998,0.35381,0.0208362,0.935085,-0.156616,-0.984317,0.0811921
1.1279,-0.00308803,0.491526,0.946851,-0.175175,-0.26979,0.277531,0.0208363,0.960491,-0.162633,-0.984317,0.0683455
1.06555,-0.00280473,0.499274,0.966965,-0.175171,-0.185186,0.191894,0.0220114,0.981169,-0.167796,-0.984292,0.0548985
0.977748,-0.00715419,0.488162,0.98453,-0.175214,0.000837836,-0.00013953,0.00399772,0.999992,-0.175216,-0.984522,0.00391143
0.937748,-0.00715419,0.488162,0.98453,-0.175214,0.000837836,-0.00013953,0.00399772,0.999992,-0.175216,-0.984522,0.00391143
0.897748,-0.00715421,0.488162,0.98453,-0.175214,0.000837811,-0.000139512,0.00399768,0.999992,-0.175216,-0.984522,0.00391139
0.857748,-0.00715425,0.488162,0.98453,-0.175214,0.000838174,-0.000139917,0.00399747,0.999992,-0.175216,-0.984522,0.00391111
0.773886,-0.00309093,0.465186,0.966273,-0.175176,0.188758,-0.188043,0.0208243,0.98194,-0.175943,-0.984317,-0.0128186
0.697665,-0.003088,0.428499,0.91943,-0.175175,0.352083,-0.354071,0.0208365,0.934986,-0.171123,-0.984317,-0.0428669
0.642379,-0.00308806,0.398843,0.88816,-0.175175,0.424836,-0.428067,0.0208362,0.903507,-0.167124,-0.984317,-0.056481
0.588234,-0.00308804,0.36344,0.851138,-0.175175,0.494852,-0.499306,0.0208363,0.866175,-0.162043,-0.984317,-0.0697316
0.535321,-0.00308804,0.321771,0.808602,-0.175175,0.561673,-0.567321,0.0208363,0.823233,-0.155913,-0.984317,-0.0825325
0.501242,-0.00309974,0.303673,0.829309,-0.175176,0.530623,-0.535721,0.0207878,0.844139,-0.158903,-0.984318,-0.0766058
0.488561,-0.00309974,0.313938,0.901791,-0.175176,0.395078,-0.397805,0.0207878,0.917234,-0.16889,-0.984318,-0.0509395
0.488561,0.0369003,0.312997,0.901791,-0.175176,0.395077,-0.397805,0.0207878,0.917234,-0.16889,-0.984318,-0.0509395
0.501242,0.0369003,0.30265,0.829309,-0.175176,0.530623,-0.535721,0.0207878,0.844139,-0.158903,-0.984318,-0.0766058
0.535321,0.036912,0.32072,0.808602,-0.175175,0.561673,-0.567322,0.0208363,0.823233,-0.155913,-0.984317,-0.0825326
0.588234,0.036912,0.362442,0.851138,-0.175175,0.494851,-0.499306,0.0208364,0.866175,-0.162044,-0.984317,-0.0697315
0.642379,0.0369119,0.397886,0.88816,-0.175175,0.424836,-0.428067,0.0208362,0.903507,-0.167124,-0.984317,-0.056481
0.697665,0.036912,0.427574,0.91943,-0.175175,0.352083,-0.354071,0.0208365,0.934986,-0.171123,-0.984317,-0.0428669
0.773886,0.0369091,0.464306,0.966273,-0.175176,0.188758,-0.188043,0.0208243,0.98194,-0.175943,-0.984317,-0.0128186
0.857748,0.0328458,0.48797,0.98453,-0.175214,0.000837811,-0.000139512,0.00399768,0.999992,-0.175216,-0.984522,0.00391139
0.897748,0.0328458,0.48797,0.98453,-0.175214,0.000837811,-0.000139512,0.00399768,0.999992,-0.175216,-0.984522,0.00391139
0.937748,0.0328458,0.48797,0.98453,-0.175214,0.000837811,-0.000139512,0.00399768,0.999992,-0.175216,-0.984522,0.00391139
0.977748,0.0328458,0.48797,0.98453,-0.175214,0.000837811,-0.000139512,0.00399768,0.999992,-0.175216,-0.984522,0.00391139
1.01775,0.0328458,0.48797,0.98453,-0.175214,0.000837592,-0.000139276,0.00399776,0.999992,-0.175216,-0.984522,0.00391151
1.12222,0.0221727,0.492599,0.960669,-0.00159228,-0.277692,0.277664,0.020824,0.960453,0.00425335,-0.999782,0.0204471
1.18285,0.0221727,0.479199,0.93525,-0.00159228,-0.353984,0.353939,0.0208239,0.935037,0.0058825,-0.999782,0.0200391
1.24346,0.0221727,0.459883,0.903776,-0.00159228,-0.428002,0.42794,0.020824,0.903567,0.007474,-0.999782,0.0195017
1.32409,0.0221727,0.428984,0.823509,-0.00159228,-0.567301,0.567206,0.020824,0.823313,0.0105025,-0.999782,0.0180519
1.35517,0.0221619,0.404446,0.843283,-0.00159228,-0.537467,0.53738,0.020779,0.843084,0.0098256,-0.999783,0.0183782
1.35658,0.0221619,0.387994,0.914968,-0.00159228,-0.403524,0.403468,0.0207791,0.914758,0.00692832,-0.999783,0.0196547
1.35759,0.0221619,0.372655,0.965534,-0.00159228,-0.26027,0.260246,0.020779,0.965319,0.00387109,-0.999783,0.0204772
1.35788,0.0521659,0.373792,0.965517,-0.00159234,-0.260334,0.260248,-0.0205258,0.965324,-0.00688068,-0.999788,-0.0194036
1.35703,0.0521658,0.389078,0.914941,-0.00159234,-0.403584,0.40347,-0.0205258,0.914763,-0.00974051,-0.999788,-0.0181375
1.35577,0.0521659,0.405454,0.843248,-0.00159234,-0.537523,0.537383,-0.0205255,0.843089,-0.0123754,-0.999788,-0.0164524
1.32473,0.0521559,0.429974,0.823472,-0.00159234,-0.567355,0.567209,-0.0205668,0.823317,-0.0129797,-0.999787,-0.016033
1.24395,0.0521559,0.460957,0.903748,-0.00159234,-0.428062,0.427942,-0.0205668,0.903572,-0.0102427,-0.999787,-0.0179058
1.18325,0.0521559,0.480307,0.935227,-0.00159234,-0.354046,0.353941,-0.0205669,0.935042,-0.00877054,-0.999787,-0.0186711
1.12253,0.0521558,0.493734,0.960651,-0.00159234,-0.277755,0.277666,-0.020567,0.960458,-0.00724198,-0.999787,-0.0193156
0.993769,0.0531222,0.481151,0.980954,-0.174707,0.0848971,-0.0995696,-0.0769928,0.992047,-0.166781,-0.981606,-0.0929219
0.977748,0.0728457,0.487779,0.98453,-0.175214,0.000837757,-0.000139512,0.00399737,0.999992,-0.175216,-0.984522,0.00391109
0.937748,0.0728457,0.487779,0.98453,-0.175214,0.000837757,-0.000139512,0.00399737,0.999992,-0.175216,-0.984522,0.00391109
0.897748,0.0728457,0.487779,0.98453,-0.175214,0.000837782,-0.00013953,0.00399742,0.999992,-0.175216,-0.984522,0.00391113
0.857747,0.0728459,0.487779,0.98453,-0.175214,0.00083871,-0.00014035,0.0039981,0.999992,-0.175216,-0.984522,0.00391166
0.770542,0.0668954,0.464344,0.965081,-0.175182,0.194755,-0.201356,-0.0205558,0.979302,-0.167553,-0.984321,-0.0551119
0.697051,0.0668957,0.429252,0.921997,-0.175182,0.345301,-0.354073,-0.0205546,0.934992,-0.156696,-0.984321,-0.0809786
0.641637,0.0668957,0.399512,0.891264,-0.175182,0.418282,-0.42807,-0.0205545,0.903512,-0.149682,-0.984321,-0.0933097
0.587368,0.0668957,0.364005,0.854759,-0.175182,0.488568,-0.499309,-0.0205546,0.86618,-0.141697,-0.984321,-0.105039
0.534337,0.0668957,0.322213,0.812717,-0.175182,0.555701,-0.567325,-0.0205544,0.823238,-0.132794,-0.984321,-0.11609
0.500315,0.0669065,0.304174,0.833185,-0.175182,0.524513,-0.535724,-0.02051,0.844144,-0.137121,-0.984322,-0.110938
0.487872,0.0669064,0.314642,0.904669,-0.175182,0.388438,-0.397807,-0.0205103,0.91724,-0.152717,-0.984322,-0.0882438
0.487872,0.106906,0.315502,0.904669,-0.175182,0.388438,-0.397807,-0.0205103,0.91724,-0.152717,-0.984322,-0.0882438
0.500315,0.106906,0.305108,0.833185,-0.175182,0.524513,-0.535724,-0.02051,0.844144,-0.137121,-0.984322,-0.110938
0.534337,0.106896,0.323173,0.812717,-0.175182,0.555701,-0.567325,-0.0205544,0.823238,-0.132794,-0.984321,-0.11609
0.587368,0.106896,0.364918,0.854759,-0.175182,0.488567,-0.499308,-0.0205545,0.866181,-0.141697,-0.984321,-0.105039
0.641637,0.106896,0.400387,0.891264,-0.175182,0.418281,-0.42807,-0.0205545,0.903512,-0.149682,-0.984321,-0.0933096
0.697051,0.106896,0.430098,0.921997,-0.175182,0.345301,-0.354073,-0.0205546,0.934992,-0.156696,-0.984321,-0.0809786
0.770542,0.106895,0.465152,0.965081,-0.175182,0.194755,-0.201356,-0.0205558,0.979302,-0.167553,-0.984321,-0.0551119
0.824606,0.104853,0.480482,0.975579,-0.175147,0.132549,-0.139676,-0.0289607,0.989774,-0.169517,-0.984116,-0.0527173
0.885902,0.102876,0.493974,0.983656,-0.175101,0.041959,-0.0491764,-0.0370833,0.998101,-0.173213,-0.983852,-0.0450881
0.949798,0.104311,0.50262,0.983078,-0.175135,-0.05371,0.0489866,-0.0311854,0.998312,-0.176515,-0.98405,-0.0220784
1.00681,0.105347,0.504232,0.977197,-0.175157,-0.120023,0.117107,-0.0269266,0.992754,-0.177119,-0.984172,-0.0058005
1.06373,0.107493,0.500664,0.96721,-0.17519,-0.183883,0.183578,-0.0180931,0.982839,-0.175511,-0.984368,0.0146612
1.12838,0.106896,0.49317,0.944837,-0.175182,-0.276757,0.277533,-0.0205546,0.960496,-0.17395,-0.984321,0.0291981
1.18897,0.106896,0.4793,0.919544,-0.175182,-0.35178,0.353812,-0.0205546,0.935091,-0.171042,-0.984321,0.0430807
1.2495,0.106896,0.459525,0.888299,-0.175182,-0.424543,0.427817,-0.0205545,0.903631,-0.167026,-0.984321,0.0566874
1.32473,0.0921559,0.430934,0.823472,-0.00159234,-0.567355,0.567209,-0.0205668,0.823317,-0.0129797,-0.999787,-0.016033
1.35577,0.0921659,0.40639,0.843248,-0.00159234,-0.537523,0.537383,-0.0205255,0.843089,-0.0123754,-0.999788,-0.0164524
1.35703,0.0921658,0.38994,0.914941,-0.00159234,-0.403584,0.40347,-0.0205258,0.914763,-0.00974051,-0.999788,-0.0181375
1.35788,0.0921659,0.37461,0.965517,-0.00159234,-0.260334,0.260248,-0.0205258,0.965324,-0.00688068,-0.999788,-0.0194036
1.35788,0.132166,0.375427,0.965517,-0.00159234,-0.260334,0.260248,-0.0205256,0.965324,-0.00688064,-0.999788,-0.0194034
1.35703,0.132166,0.390803,0.914941,-0.00159234,-0.403584,0.40347,-0.0205258,0.914763,-0.0097405,-0.999788,-0.0181374
1.35577,0.132166,0.407326,0.843248,-0.00159234,-0.537522,0.537382,-0.0205258,0.843089,-0.0123756,-0.999788,-0.0164527
1.32473,0.132156,0.431895,0.823471,-0.00159234,-0.567355,0.567209,-0.0205667,0.823317,-0.0129796,-0.999787,-0.0160329
1.24395,0.132156,0.462707,0.903748,-0.00159234,-0.428062,0.427942,-0.0205668,0.903572,-0.0102427,-0.999787,-0.0179058
1.18325,0.132156,0.481999,0.935227,-0.00159234,-0.354046,0.353941,-0.0205669,0.935042,-0.00877053,-0.999787,-0.0186711
1.12253,0.132156,0.495381,0.96065,-0.00159234,-0.277756,0.277666,-0.0205669,0.960458,-0.00724195,-0.999787,-0.0193154
1.06199,0.127698,0.503323,0.979853,-0.00159149,-0.199712,0.199501,-0.0389261,0.979124,-0.00933229,-0.999241,-0.0378244
1.00157,0.130941,0.505727,0.992731,-0.00159216,-0.120343,0.120263,-0.0255726,0.992413,-0.00465756,-0.999672,-0.0251952
0.941574,0.127825,0.503146,0.999188,-0.00159153,-0.040247,0.0401563,-0.0384026,0.998455,-0.00313466,-0.999261,-0.0383076
0.879931,0.128143,0.4946,0.998797,-0.0015916,0.049013,-0.0490383,-0.0370956,0.998108,0.000229578,-0.99931,-0.0371291
0.823189,0.131033,0.482548,0.992741,-0.00159218,0.120265,-0.120267,-0.0251948,0.992422,0.00144995,-0.999681,-0.0252034
0.764719,0.132156,0.464465,0.979543,-0.00159234,0.20123,-0.20122,-0.0205681,0.97933,0.0025795,-0.999787,-0.0204677
0.691538,0.132156,0.428545,0.935249,-0.00159234,0.353988,-0.353944,-0.0205669,0.935041,0.00579153,-0.999787,-0.0197988
0.636335,0.132156,0.398429,0.903775,-0.00159234,0.428005,-0.427945,-0.0205668,0.903571,0.00736388,-0.999787,-0.0192692
0.582311,0.132156,0.362581,0.866448,-0.00159234,0.499265,-0.499188,-0.0205668,0.866249,0.00888892,-0.999787,-0.0186149
0.529557,0.132156,0.320487,0.823507,-0.00159234,0.567304,-0.567211,-0.0205669,0.823315,0.0103567,-0.999787,-0.0178402
0.4954,0.132167,0.302581,0.844412,-0.00159234,0.535692,-0.535607,-0.0205223,0.844218,0.00964936,-0.999788,-0.0181822
0.482479,0.132167,0.313707,0.9175,-0.00159234,0.397733,-0.39768,-0.0205223,0.917295,0.00670177,-0.999788,-0.0194625
0.482197,0.162138,0.316468,0.917526,-0.00158969,0.397673,-0.397004,-0.0617701,0.915736,0.0231086,-0.998089,-0.0573068
0.495021,0.162138,0.305472,0.844447,-0.00158969,0.535636,-0.534697,-0.0617702,0.842783,0.0317466,-0.998089,-0.0530117
0.529155,0.162105,0.323428,0.823544,-0.00158968,0.56725,-0.566243,-0.0619068,0.82191,0.03381,-0.998081,-0.0518831
0.581957,0.162105,0.365435,0.866481,-0.00158968,0.499208,-0.498336,-0.0619067,0.864771,0.0295296,-0.998081,-0.0544331
0.636031,0.162105,0.401217,0.903803,-0.00158968,0.427945,-0.427214,-0.0619069,0.902029,0.0250588,-0.998081,-0.0566308
0.691288,0.162105,0.431284,0.935272,-0.00158968,0.353926,-0.353339,-0.0619068,0.933445,0.0204266,-0.998081,-0.0584614
0.767684,0.162113,0.468987,0.98228,-0.00158968,0.187413,-0.187151,-0.0618718,0.980381,0.0100371,-0.998083,-0.061073
0.851743,0.160684,0.492502,0.999999,-0.00158908,-0.000107212,-6.73636e-07,-0.067737,0.997703,-0.00159269,-0.997702,-0.0677369
0.891743,0.160684,0.492502,0.999999,-0.00158908,-0.000106616,-1.26827e-06,-0.067737,0.997703,-0.00159265,-0.997702,-0.0677369
0.931743,0.160684,0.492502,0.999999,-0.00158908,-0.000106616,-1.26827e-06,-0.067737,0.997703,-0.00159265,-0.997702,-0.0677369
0.971743,0.160684,0.492502,0.999999,-0.00158908,-0.000106807,-1.07799e-06,-0.067737,0.997703,-0.00159267,-0.997702,-0.0677369
1.0631,0.163535,0.505862,0.979013,-0.00159022,-0.203794,0.203387,-0.0560347,0.977494,-0.012974,-0.998428,-0.0545352
1.12273,0.162105,0.498082,0.960632,-0.00158968,-0.277819,0.277192,-0.0619068,0.958818,-0.0187231,-0.998081,-0.059029
1.1835,0.162105,0.484737,0.935203,-0.00158968,-0.354108,0.353337,-0.061907,0.933446,-0.0234056,-0.998081,-0.0573339
1.24425,0.162105,0.465496,0.90372,-0.00158968,-0.428121,0.427212,-0.0619069,0.90203,-0.0279376,-0.998081,-0.0552673
1.32513,0.162105,0.434836,0.823434,-0.00158968,-0.56741,0.566241,-0.0619068,0.821912,-0.0364331,-0.998081,-0.050076
1.35615,0.162136,0.410221,0.843213,-0.00158969,-0.537578,0.536469,-0.0617801,0.841656,-0.0345496,-0.998089,-0.051241
1.35732,0.162136,0.393568,0.914915,-0.00158969,-0.403644,0.402784,-0.06178,0.913208,-0.0263888,-0.998089,-0.0558831
1.35806,0.162136,0.378117,0.9655,-0.00158969,-0.260398,0.259806,-0.0617801,0.963683,-0.0176193,-0.998089,-0.0592356
1.35806,0.202136,0.380649,0.9655,-0.00158969,-0.260398,0.259806,-0.0617801,0.963683,-0.0176193,-0.998089,-0.0592356
1.35732,0.202136,0.39624,0.914915,-0.00158969,-0.403644,0.402784,-0.06178,0.913208,-0.0263888,-0.998089,-0.0558831
1.35615,0.202136,0.413119,0.843213,-0.00158969,-0.537578,0.536469,-0.0617801,0.841656,-0.0345496,-0.998089,-0.051241
1.32513,0.202105,0.43781,0.823434,-0.00158968,-0.56741,0.566241,-0.0619068,0.821912,-0.0364331,-0.998081,-0.050076
1.24425,0.202105,0.468206,0.90372,-0.00158968,-0.428121,0.427212,-0.0619069,0.90203,-0.0279376,-0.998081,-0.0552673
1.1835,0.202105,0.487356,0.935203,-0.00158968,-0.354108,0.353337,-0.0619069,0.933445,-0.0234056,-0.998081,-0.0573339
1.12273,0.202105,0.500632,0.960632,-0.00158968,-0.277819,0.277192,-0.061907,0.958818,-0.0187231,-0.998081,-0.0590292
1.01775,0.215393,0.496173,0.98453,-0.174823,-0.0117306,-0.000138375,-0.0677248,0.997704,-0.175216,-0.982268,-0.0667012
0.977748,0.215393,0.496173,0.98453,-0.174823,-0.0117296,-0.000139339,-0.0677247,0.997704,-0.175216,-0.982268,-0.0667013
0.937748,0.215393,0.496173,0.98453,-0.174823,-0.0117294,-0.00013953,-0.0677247,0.997704,-0.175216,-0.982268,-0.0667014
0.897748,0.215393,0.496173,0.98453,-0.174823,-0.0117294,-0.00013953,-0.0677247,0.997704,-0.175216,-0.982268,-0.0667014
0.857748,0.215393,0.496173,0.98453,-0.174823,-0.01173,-0.000138935,-0.0677247,0.997704,-0.175216,-0.982268,-0.0667013
0.773413,0.216829,0.473489,0.969074,-0.174889,0.174096,-0.187286,-0.0618595,0.980356,-0.160684,-0.982643,-0.0927009
0.696585,0.21682,0.436871,0.924561,-0.174889,0.338526,-0.353469,-0.0618946,0.933396,-0.142288,-0.982641,-0.119043
0.641073,0.21682,0.407312,0.894365,-0.174889,0.411735,-0.427339,-0.0618946,0.90197,-0.13226,-0.982641,-0.130093
0.586709,0.21682,0.372041,0.858376,-0.174889,0.482292,-0.498457,-0.0618945,0.864702,-0.121376,-0.982641,-0.140303
0.533589,0.21682,0.33055,0.816826,-0.174889,0.549736,-0.566358,-0.0618945,0.821832,-0.109704,-0.982641,-0.149607
0.499609,0.216853,0.312342,0.837057,-0.17489,0.51841,-0.534814,-0.0617579,0.84271,-0.115366,-0.982649,-0.145229
0.487349,0.216853,0.322345,0.907544,-0.17489,0.381807,-0.397131,-0.0617578,0.915682,-0.136564,-0.982649,-0.125502
0.487349,0.256853,0.325008,0.907544,-0.17489,0.381807,-0.397132,-0.061758,0.915681,-0.136564,-0.982649,-0.125503
0.499609,0.256853,0.315236,0.837057,-0.17489,0.51841,-0.534814,-0.0617579,0.84271,-0.115366,-0.982649,-0.145229
0.533589,0.25682,0.333524,0.816826,-0.174889,0.549736,-0.566357,-0.0618943,0.821832,-0.109704,-0.982641,-0.149607
0.586709,0.25682,0.374867,0.858376,-0.174889,0.482292,-0.498457,-0.0618945,0.864702,-0.121376,-0.982641,-0.140303
0.641073,0.25682,0.410021,0.894365,-0.174889,0.411735,-0.427339,-0.0618946,0.90197,-0.13226,-0.982641,-0.130093
0.696585,0.25682,0.43949,0.924561,-0.174889,0.338526,-0.353469,-0.0618946,0.933396,-0.142288,-0.982641,-0.119043
0.769848,0.255938,0.47407,0.96632,-0.174849,0.188819,-0.202764,-0.0654974,0.977035,-0.158466,-0.982414,-0.0987446
0.857748,0.255393,0.498857,0.98453,-0.174823,-0.0117307,-0.000138305,-0.0677249,0.997704,-0.175216,-0.982268,-0.0667014
0.897748,0.255393,0.498857,0.98453,-0.174823,-0.0117294,-0.00013953,-0.0677247,0.997704,-0.175216,-0.982268,-0.0667014
0.937748,0.255393,0.498857,0.98453,-0.174823,-0.0117294,-0.00013953,-0.0677247,0.997704,-0.175216,-0.982268,-0.0667014
0.977748,0.255393,0.498857,0.98453,-0.174823,-0.0117292,-0.000139753,-0.0677247,0.997704,-0.175216,-0.982268,-0.0667015
0.997624,0.23989,0.492486,0.983013,-0.173731,0.0591773,-0.0825755,-0.130702,0.987977,-0.163908,-0.976081,-0.142828
1.12273,0.242105,0.503181,0.960632,-0.00158968,-0.277819,0.277192,-0.061907,0.958818,-0.0187231,-0.998081,-0.0590292
1.1835,0.242105,0.489975,0.935203,-0.00158968,-0.354108,0.353337,-0.0619069,0.933445,-0.0234056,-0.998081,-0.0573339
1.24425,0.242105,0.470916,0.90372,-0.00158968,-0.428121,0.427212,-0.0619069,0.90203,-0.0279376,-0.998081,-0.0552673
1.32513,0.242105,0.440784,0.823434,-0.00158968,-0.567409,0.566241,-0.0619069,0.821912,-0.0364331,-0.998081,-0.0500761
1.35615,0.242136,0.416017,0.843212,-0.00158969,-0.537578,0.536469,-0.0617799,0.841656,-0.0345495,-0.998089,-0.0512408
1.35732,0.242136,0.398911,0.914915,-0.00158969,-0.403644,0.402784,-0.06178,0.913208,-0.0263889,-0.998089,-0.0558832
1.35806,0.242136,0.38318,0.9655,-0.00158969,-0.260398,0.259806,-0.0617801,0.963683,-0.0176193,-0.998089,-0.0592357
1.35814,0.272097,0.387441,0.965483,-0.00158433,-0.260461,0.258922,-0.102881,0.960404,-0.028318,-0.994692,-0.0989195
1.35744,0.272097,0.403377,0.914888,-0.00158433,-0.403704,0.401413,-0.102881,0.910101,-0.0429753,-0.994692,-0.0934884
1.35631,0.272097,0.420819,0.843177,-0.00158433,-0.537633,0.534644,-0.102881,0.838792,-0.0566412,-0.994692,-0.0858998
1.3253,0.272045,0.445698,0.823397,-0.0015843,-0.567464,0.564306,-0.103092,0.819104,-0.0597984,-0.994671,-0.0839913
1.24437,0.272045,0.475438,0.903692,-0.0015843,-0.428181,0.425752,-0.103092,0.898948,-0.045566,-0.994671,-0.0924885
1.1836,0.272045,0.494363,0.93518,-0.0015843,-0.354169,0.35213,-0.103092,0.930256,-0.0379857,-0.994671,-0.0958514
1.12281,0.272045,0.507468,0.960614,-0.0015843,-0.277882,0.276244,-0.103092,0.955542,-0.0301611,-0.994671,-0.0985936
1.05443,0.274221,0.513886,0.9854,-0.00158569,-0.170247,0.169343,-0.0942008,0.981045,-0.0175931,-0.995552,-0.092557
0.999789,0.27214,0.516851,0.993589,-0.00158436,-0.11304,0.112281,-0.102706,0.988354,-0.0131759,-0.99471,-0.10187
0.943519,0.270814,0.514809,0.99884,-0.00158345,-0.0481168,0.0476638,-0.108121,0.992995,-0.00677478,-0.994137,-0.10792
0.880175,0.269977,0.505603,0.998859,-0.00158286,0.0477353,-0.0476139,-0.111535,0.992619,0.00375299,-0.993759,-0.111483
0.818032,0.271134,0.491511,0.98988,-0.00158368,0.141897,-0.141253,-0.106813,0.984194,0.0135979,-0.994278,-0.105956
0.76208,0.272035,0.474894,0.977283,-0.00158429,0.211931,-0.210961,-0.103135,0.972038,0.0203176,-0.994666,-0.101127
0.691184,0.272045,0.440909,0.935295,-0.0015843,0.353865,-0.352132,-0.103092,0.930255,0.0350067,-0.994671,-0.0969791
0.635906,0.272045,0.411159,0.903831,-0.0015843,0.427886,-0.425755,-0.103092,0.898947,0.0426873,-0.994671,-0.0938519
0.58181,0.272045,0.375783,0.866513,-0.0015843,0.499152,-0.496634,-0.103092,0.861816,0.050093,-0.994671,-0.0901171
0.528989,0.272045,0.33429,0.823582,-0.0015843,0.567195,-0.564308,-0.103092,0.819102,0.0571754,-0.994671,-0.0857984
0.494863,0.272101,0.316056,0.844483,-0.00158433,0.535581,-0.532878,-0.102864,0.839917,0.0537615,-0.994694,-0.0877115
0.48208,0.272101,0.326249,0.917552,-0.00158433,0.397613,-0.395654,-0.102864,0.912621,0.0394544,-0.994694,-0.0950103
0.48208,0.312101,0.330723,0.917552,-0.00158433,0.397613,-0.395654,-0.102864,0.912621,0.0394544,-0.994694,-0.0950103
0.494863,0.312101,0.320916,0.844483,-0.00158433,0.535581,-0.532878,-0.102864,0.839917,0.0537615,-0.994694,-0.0877115
0.528989,0.312045,0.339285,0.823582,-0.0015843,0.567195,-0.564308,-0.103092,0.819102,0.0571753,-0.994671,-0.0857984
0.581811,0.312045,0.380531,0.866513,-0.0015843,0.499151,-0.496634,-0.103091,0.861816,0.0500929,-0.994671,-0.090117
0.635906,0.312045,0.415711,0.903831,-0.0015843,0.427886,-0.425755,-0.103092,0.898947,0.0426873,-0.994671,-0.0938519
0.707544,0.312045,0.458079,0.960705,-0.0015843,0.277569,-0.276247,-0.103092,0.955542,0.0271012,-0.994671,-0.0994784
0.76208,0.312035,0.479105,0.977283,-0.00158429,0.211931,-0.210961,-0.103135,0.972038,0.0203176,-0.994666,-0.101127
0.82308,0.311853,0.498379,0.992756,-0.00158417,0.120141,-0.119655,-0.103877,0.987366,0.0109157,-0.994589,-0.103314
0.880175,0.309977,0.510065,0.998859,-0.00158286,0.0477353,-0.0476139,-0.111535,0.992619,0.00375299,-0.993759,-0.111483
0.943519,0.310814,0.519132,0.99884,-0.00158345,-0.0481168,0.0476638,-0.108121,0.992995,-0.00677478,-0.994137,-0.10792
1.00167,0.311497,0.521498,0.992716,-0.00158393,-0.120469,0.119634,-0.105332,0.987215,-0.0142529,-0.994436,-0.104375
1.06212,0.3116,0.519209,0.979832,-0.001584,-0.199816,0.198551,-0.104912,0.974459,-0.0225066,-0.99448,-0.102482
1.12281,0.312045,0.51175,0.960614,-0.0015843,-0.277881,0.276244,-0.103092,0.955542,-0.0301611,-0.994671,-0.0985937
1.1836,0.312045,0.498761,0.93518,-0.0015843,-0.354169,0.35213,-0.103092,0.930256,-0.0379857,-0.994671,-0.0958513
1.24437,0.312045,0.47999,0.903692,-0.0015843,-0.428181,0.425752,-0.103092,0.898948,-0.045566,-0.994671,-0.0924885
1.30498,0.312045,0.454987,0.866351,-0.0015843,-0.499434,0.496632,-0.103092,0.861817,-0.0528528,-0.994671,-0.0885267
1.35631,0.312097,0.425687,0.843177,-0.00158433,-0.537633,0.534644,-0.102881,0.838792,-0.0566412,-0.994692,-0.0858998
1.35744,0.312097,0.407863,0.914888,-0.00158433,-0.403704,0.401413,-0.102881,0.910101,-0.0429753,-0.994692,-0.0934884
1.35814,0.312097,0.391692,0.965483,-0.00158433,-0.260461,0.258922,-0.102881,0.960404,-0.028318,-0.994692,-0.0989195
1.35811,0.342075,0.395832,0.965466,-0.0015763,-0.260523,0.2576,-0.143722,0.955503,-0.0389491,-0.989617,-0.138353
1.35739,0.342075,0.412244,0.914862,-0.0015763,-0.403763,0.399365,-0.143722,0.905457,-0.0594569,-0.989617,-0.130856
1.35624,0.342075,0.430458,0.843142,-0.0015763,-0.537689,0.531916,-0.143722,0.834511,-0.0785931,-0.989617,-0.120339
1.30492,0.342003,0.459633,0.866318,-0.00157623,-0.49949,0.494087,-0.144014,0.857402,-0.0732849,-0.989574,-0.123983
1.24432,0.342003,0.484434,0.903664,-0.00157623,-0.428239,0.423571,-0.144014,0.894342,-0.0630822,-0.989574,-0.129473
1.18356,0.342003,0.503049,0.935157,-0.00157623,-0.35423,0.350326,-0.144014,0.92549,-0.0524729,-0.989574,-0.134123
1.12277,0.342003,0.515918,0.960596,-0.00157623,-0.277944,0.274829,-0.144014,0.950647,-0.0415263,-0.989574,-0.137906
1.06209,0.342003,0.523362,0.97982,-0.00157623,-0.199877,0.197571,-0.144014,0.969652,-0.0303135,-0.989574,-0.140796
1.00166,0.342003,0.525611,0.992708,-0.00157623,-0.12053,0.119049,-0.144014,0.982389,-0.0189065,-0.989574,-0.142776
0.941595,0.342003,0.52282,0.999182,-0.00157623,-0.0404147,0.0397666,-0.144014,0.988776,-0.00737882,-0.989574,-0.143833
0.882032,0.342003,0.515083,0.9992,-0.00157623,0.0399588,-0.0397691,-0.144014,0.988776,0.00419608,-0.989574,-0.143961
0.823095,0.342003,0.502435,0.992763,-0.00157623,0.120078,-0.119051,-0.144014,0.982388,0.0157444,-0.989574,-0.143159
0.764905,0.342003,0.484852,0.979911,-0.00157623,0.19943,-0.197574,-0.144014,0.969652,0.0271923,-0.989574,-0.141432
0.707578,0.342003,0.462247,0.960723,-0.00157623,0.277506,-0.274831,-0.144014,0.950646,0.0384662,-0.989574,-0.138791
0.635959,0.342003,0.420156,0.903859,-0.00157623,0.427827,-0.423573,-0.144014,0.894341,0.0602035,-0.989574,-0.130836
0.581872,0.342003,0.385177,0.866546,-0.00157623,0.499095,-0.494089,-0.144014,0.857401,0.070525,-0.989574,-0.125573
0.529059,0.342003,0.344184,0.823619,-0.00157623,0.567141,-0.561417,-0.144014,0.814906,0.0803916,-0.989574,-0.119497
0.494927,0.342081,0.32568,0.844517,-0.00157631,0.535526,-0.53016,-0.143699,0.835632,0.0756373,-0.98962,-0.122192
0.482128,0.342081,0.33509,0.917578,-0.00157631,0.397554,-0.393636,-0.143699,0.907965,0.0556968,-0.98962,-0.132475
0.482128,0.382081,0.341385,0.917578,-0.00157631,0.397554,-0.393636,-0.143699,0.907965,0.0556968,-0.98962,-0.132475
0.494927,0.382081,0.33252,0.844517,-0.00157631,0.535526,-0.53016,-0.143699,0.835632,0.0756373,-0.98962,-0.122192
0.529059,0.382003,0.351213,0.823619,-0.00157623,0.567141,-0.561417,-0.144014,0.814906,0.0803916,-0.989574,-0.119497
0.581872,0.382003,0.391858,0.866546,-0.00157623,0.499096,-0.49409,-0.144014,0.8574,0.0705253,-0.989574,-0.125573
0.651227,0.382003,0.440644,0.935318,-0.00157623,0.353804,-0.350328,-0.144014,0.925489,0.0494939,-0.989574,-0.135251
0.707578,0.382003,0.468273,0.960723,-0.00157623,0.277506,-0.274831,-0.144014,0.950646,0.0384662,-0.989574,-0.138791
0.764905,0.382003,0.49076,0.979911,-0.00157623,0.19943,-0.197574,-0.144014,0.969652,0.0271923,-0.989574,-0.141432
0.823095,0.382003,0.508266,0.992763,-0.00157623,0.120078,-0.119051,-0.144014,0.982388,0.0157444,-0.989574,-0.143159
0.882032,0.382003,0.520876,0.9992,-0.00157623,0.0399588,-0.0397691,-0.144014,0.988776,0.00419608,-0.989574,-0.143961
0.941595,0.382003,0.528614,0.999182,-0.00157623,-0.0404147,0.0397666,-0.144014,0.988776,-0.00737882,-0.989574,-0.143833
1.00166,0.382003,0.531442,0.992708,-0.00157623,-0.12053,0.119049,-0.144014,0.982389,-0.0189065,-0.989574,-0.142776
1.06209,0.382003,0.52927,0.97982,-0.00157623,-0.199877,0.197571,-0.144014,0.969652,-0.0303135,-0.989574,-0.140796
1.12277,0.382003,0.521944,0.960596,-0.00157623,-0.277944,0.274829,-0.144014,0.950647,-0.0415263,-0.989574,-0.137906
1.18356,0.382003,0.509238,0.935157,-0.00157623,-0.35423,0.350326,-0.144014,0.92549,-0.0524729,-0.989574,-0.134123
1.24432,0.382003,0.490839,0.903664,-0.00157623,-0.428239,0.423571,-0.144014,0.894342,-0.0630822,-0.989574,-0.129473
1.30492,0.382003,0.466314,0.866318,-0.00157623,-0.49949,0.494087,-0.144014,0.857402,-0.0732849,-0.989574,-0.123983
1.35624,0.382075,0.437308,0.843142,-0.0015763,-0.537689,0.531916,-0.143722,0.834511,-0.0785931,-0.989617,-0.120339
1.35739,0.382075,0.418558,0.914862,-0.0015763,-0.403763,0.399365,-0.143722,0.905457,-0.0594569,-0.989617,-0.130856
1.35811,0.382075,0.401815,0.965466,-0.0015763,-0.260523,0.2576,-0.143722,0.955503,-0.0389491,-0.989617,-0.138353
1.35811,0.422075,0.407798,0.965466,-0.0015763,-0.260523,0.2576,-0.143722,0.955503,-0.0389491,-0.989617,-0.138353
1.35739,0.422075,0.424871,0.914862,-0.0015763,-0.403763,0.399365,-0.143722,0.905457,-0.0594569,-0.989617,-0.130856
1.36523,0.422003,0.442094,0.823361,-0.00157623,-0.567516,0.561414,-0.144014,0.814907,-0.0830147,-0.989574,-0.11769
1.30492,0.422003,0.472995,0.866318,-0.00157623,-0.49949,0.494087,-0.144014,0.857402,-0.0732849,-0.989574,-0.123983
1.24432,0.422003,0.497245,0.903664,-0.00157623,-0.42824,0.423571,-0.144014,0.894342,-0.0630822,-0.989574,-0.129472
1.18356,0.422003,0.515428,0.935157,-0.00157623,-0.35423,0.350326,-0.144014,0.92549,-0.0524729,-0.989574,-0.134124
1.12277,0.422003,0.52797,0.960596,-0.00157623,-0.277945,0.27483,-0.144014,0.950646,-0.0415264,-0.989574,-0.137906
1.06209,0.422003,0.535178,0.97982,-0.00157623,-0.199876,0.197571,-0.144014,0.969652,-0.0303134,-0.989574,-0.140797
1.00166,0.422003,0.537273,0.992708,-0.00157623,-0.12053,0.119048,-0.144014,0.982389,-0.0189065,-0.989574,-0.142776
0.941595,0.422003,0.534407,0.999182,-0.00157623,-0.0404147,0.0397666,-0.144014,0.988776,-0.00737882,-0.989574,-0.143833
0.882032,0.422003,0.52667,0.9992,-0.00157623,0.0399588,-0.0397691,-0.144014,0.988776,0.00419608,-0.989574,-0.143961
0.823095,0.422003,0.514097,0.992763,-0.00157623,0.120078,-0.119051,-0.144014,0.982388,0.0157444,-0.989574,-0.143159
0.764905,0.422003,0.496668,0.979911,-0.00157623,0.19943,-0.197574,-0.144014,0.969652,0.0271923,-0.989574,-0.141432
0.707578,0.422003,0.474299,0.960723,-0.00157623,0.277506,-0.274831,-0.144014,0.950646,0.0384662,-0.989574,-0.138791
0.651227,0.422003,0.446833,0.935318,-0.00157623,0.353804,-0.350328,-0.144014,0.925489,0.0494939,-0.989574,-0.135251
0.581872,0.422003,0.398539,0.866546,-0.00157623,0.499096,-0.49409,-0.144014,0.8574,0.0705253,-0.989574,-0.125573
0.529059,0.422003,0.358243,0.823619,-0.00157623,0.567141,-0.561417,-0.144014,0.814906,0.0803916,-0.989574,-0.119497
0.494927,0.422081,0.33936,0.844517,-0.00157631,0.535526,-0.53016,-0.143699,0.835632,0.0756373,-0.98962,-0.122192
0.482128,0.422081,0.34768,0.917577,-0.00157631,0.397554,-0.393636,-0.143699,0.907965,0.0556969,-0.98962,-0.132476
0.479192,0.482931,0.342986,0.903324,0.172076,0.392932,-0.399773,0.00560504,0.916597,0.155522,-0.985068,0.0738545
0.492889,0.489516,0.333881,0.834167,0.171982,0.524012,-0.536497,0.0328391,0.843263,0.127818,-0.984553,0.119661
0.527367,0.489523,0.35297,0.814493,0.171982,0.554097,-0.566909,0.0328667,0.823124,0.123351,-0.984552,0.124268
0.579891,0.489132,0.393528,0.856261,0.171991,0.487069,-0.498931,0.0312506,0.866078,0.133737,-0.984603,0.11257
0.648853,0.490434,0.442276,0.923688,0.171959,0.342391,-0.353324,0.0366369,0.934783,0.1482,-0.984423,0.0945982
0.705007,0.490868,0.469966,0.948328,0.171947,0.266662,-0.276945,0.0384348,0.960117,0.15484,-0.984356,0.0840687
0.762135,0.491139,0.492566,0.966734,0.171939,0.189374,-0.198857,0.039554,0.97923,0.160878,-0.984313,0.0724296
0.820128,0.491221,0.510238,0.978828,0.171937,0.111052,-0.119558,0.0398971,0.992025,0.166135,-0.9843,0.0596089
0.878879,0.491155,0.523069,0.984583,0.171939,0.0321573,-0.0395291,0.0396236,0.998432,0.170395,-0.98431,0.0458093
0.938274,0.491037,0.531073,0.98399,0.171942,-0.0468953,0.0407443,0.039132,0.998403,0.173503,-0.984329,0.0314998
0.998192,0.490923,0.534209,0.97706,0.171946,-0.125652,0.12076,0.0386603,0.991929,0.175415,-0.984348,0.0170093
1.05851,0.490784,0.532386,0.963839,0.171949,-0.203586,0.200005,0.0380847,0.979054,0.176101,-0.984369,0.00231683
1.11908,0.490622,0.525452,0.944416,0.171954,-0.280196,0.277967,0.0374139,0.959862,0.175535,-0.984394,-0.0124632
1.1798,0.490445,0.51318,0.918914,0.171959,-0.355002,0.354147,0.0366848,0.93447,0.173713,-0.984421,-0.0271884
1.24051,0.490245,0.495262,0.887502,0.171964,-0.427515,0.428054,0.0358531,0.903042,0.170618,-0.984451,-0.0417901
1.30109,0.490028,0.471267,0.85038,0.17197,-0.497274,0.499208,0.0349554,0.865777,0.16627,-0.984482,-0.0561233
1.3614,0.489533,0.440625,0.807917,0.171982,-0.563642,0.567136,0.0329073,0.822967,0.160083,-0.98455,-0.0709507
1.35356,0.489457,0.42287,0.898994,0.171984,-0.402779,0.403454,0.0325943,0.914419,0.170393,-0.98456,-0.0400854
1.35438,0.489537,0.4053,0.949616,0.171982,-0.262013,0.260287,0.032923,0.96497,0.174583,-0.98455,-0.0135004
1.35441,0.491776,0.410272,0.956588,0.170794,-0.236154,0.258468,-0.122762,0.958188,0.134662,-0.977629,-0.161578
1.3536,0.491776,0.4281,0.909778,0.170794,-0.37833,0.400629,-0.122762,0.907979,0.108633,-0.977629,-0.180112
1.36145,0.491715,0.446431,0.82314,0.170789,-0.541546,0.563134,-0.123013,0.817159,0.0729448,-0.977599,-0.197434
1.30113,0.491715,0.476833,0.864011,0.170789,-0.473621,0.49562,-0.123013,0.859784,0.0885805,-0.977599,-0.190931
1.24053,0.491715,0.500624,0.899285,0.170789,-0.402639,0.424907,-0.123013,0.89684,0.103641,-0.977599,-0.183193
1.17979,0.491715,0.518383,0.928735,0.170789,-0.329064,0.351456,-0.123013,0.928087,0.118028,-0.977599,-0.174271
1.11905,0.491715,0.530532,0.952172,0.170789,-0.253376,0.275748,-0.123013,0.953326,0.131649,-0.977599,-0.164224
1.05845,0.491715,0.537379,0.969449,0.170789,-0.176065,0.198272,-0.123013,0.972397,0.144417,-0.977599,-0.153117
0.998114,0.491715,0.539143,0.980459,0.170789,-0.0976278,0.119526,-0.123013,0.985181,0.156249,-0.977599,-0.141023
0.938172,0.491715,0.535975,0.985133,0.170789,-0.0185705,0.0400187,-0.123013,0.991598,0.16707,-0.977599,-0.128019
0.878753,0.491715,0.527969,0.983442,0.170789,0.0606045,-0.0397448,-0.123013,0.991609,0.176811,-0.977599,-0.114188
0.819981,0.491715,0.51516,0.975398,0.170789,0.13939,-0.119254,-0.123013,0.985214,0.185411,-0.977599,-0.099619
0.761976,0.491715,0.49753,0.96105,0.170789,0.217286,-0.198003,-0.123013,0.972452,0.192813,-0.977599,-0.0844051
0.704853,0.491715,0.474999,0.940489,0.170789,0.293789,-0.275485,-0.123013,0.953402,0.198971,-0.977599,-0.0686426
0.648724,0.491715,0.447414,0.913842,0.170789,0.368408,-0.3512,-0.123013,0.928184,0.203843,-0.977599,-0.0524331
0.579859,0.491715,0.399028,0.843006,0.170789,0.51007,-0.495383,-0.123013,0.859921,0.20961,-0.977599,-0.0190945
0.527311,0.491715,0.358775,0.799274,0.170789,0.576188,-0.562908,-0.123013,0.817314,0.210467,-0.977599,-0.00218221
0.493052,0.491781,0.339857,0.820557,0.170795,0.545449,-0.531552,-0.122743,0.838085,0.21009,-0.977632,-0.00993099
0.479761,0.491781,0.348207,0.895454,0.170795,0.411085,-0.39463,-0.122743,0.910605,0.205984,-0.977632,-0.0425097
0.479501,0.553956,0.353705,0.901703,0.171999,0.396672,-0.39744,-0.0314543,0.917089,0.170215,-0.984595,0.0399968
0.492693,0.552755,0.345772,0.828516,0.17197,0.532904,-0.535248,-0.0364112,0.84391,0.164531,-0.984429,0.0618795
0.526922,0.551492,0.364865,0.80722,0.171936,0.564653,-0.566725,-0.0416182,0.822855,0.164978,-0.984229,0.0638454
0.593403,0.552479,0.420157,0.887573,0.171963,0.427367,-0.427608,-0.0375482,0.903184,0.171361,-0.984388,0.0402061
0.648479,0.550344,0.452948,0.918512,0.171901,0.35607,-0.353509,-0.0463521,0.934282,0.177108,-0.984023,0.0181935
0.704662,0.551492,0.480394,0.944379,0.171936,0.280334,-0.277354,-0.0416203,0.959866,0.176703,-0.984229,0.00838169
0.761838,0.550181,0.502876,0.963662,0.171895,0.204471,-0.199297,-0.0470232,0.97881,0.177868,-0.983992,-0.0110561
0.819898,0.551491,0.520424,0.977083,0.171936,0.125487,-0.120064,-0.0416223,0.991893,0.175765,-0.984228,-0.020025
0.878725,0.550288,0.533235,0.983971,0.171899,0.0474616,-0.0400059,-0.0465818,0.998113,0.173785,-0.984013,-0.0389581
0.938199,0.551491,0.541215,0.98457,0.171936,-0.0325652,0.0402886,-0.0416229,0.998321,0.170292,-0.984228,-0.0479077
0.998197,0.550662,0.544427,0.978845,0.171911,-0.11095,0.120319,-0.0450396,0.991713,0.165489,-0.984082,-0.0647709
1.05859,0.551491,0.542695,0.966653,0.171936,-0.189788,0.199614,-0.0416223,0.97899,0.160424,-0.984228,-0.0745551
1.11925,0.551302,0.535933,0.948319,0.17193,-0.266703,0.277608,-0.0424013,0.959758,0.153703,-0.984196,-0.0879392
1.18003,0.551492,0.52389,0.923776,0.171936,-0.342165,0.353839,-0.0416202,0.93438,0.146413,-0.984229,-0.0992853
1.24082,0.552212,0.506259,0.89307,0.171956,-0.41576,0.427838,-0.0386508,0.903029,0.139212,-0.984346,-0.108087
1.30147,0.551492,0.48268,0.857017,0.171936,-0.485757,0.49898,-0.0416187,0.865614,0.128614,-0.984229,-0.12146
1.36183,0.553395,0.452462,0.814427,0.171986,-0.554193,0.567119,-0.0337692,0.822943,0.12282,-0.98452,-0.125039
1.35458,0.553603,0.41557,0.952563,0.171991,-0.251084,0.260296,-0.0329136,0.964968,0.157701,-0.984549,-0.0761208
